<?xml version="1.0" encoding="UTF-8"?>
<config date="1478106255856" transient="false" version="3.0">
<site enabled="true" policy="MANAGED-ONLY" updateable="true" url="file:../../../../../.p2/pool/">
<feature id="org.eclipse.ecf.filetransfer.httpclient4.feature" url="features/org.eclipse.ecf.filetransfer.httpclient4.feature_3.13.2.v20160823-2221/" version="3.13.2.v20160823-2221">
</feature>
<feature id="org.eclipse.help" plugin-identifier="org.eclipse.help.base" url="features/org.eclipse.help_2.2.0.v20160907-1200/" version="2.2.0.v20160907-1200">
</feature>
<feature id="org.eclipse.mylyn.versions" plugin-identifier="org.eclipse.mylyn.versions.core" url="features/org.eclipse.mylyn.versions_1.12.0.v20160421-1824/" version="1.12.0.v20160421-1824">
</feature>
<feature id="org.eclipse.mylyn.bugzilla_feature" plugin-identifier="org.eclipse.mylyn.tasks.core" url="features/org.eclipse.mylyn.bugzilla_feature_3.20.0.v20160425-1835/" version="3.20.0.v20160425-1835">
</feature>
<feature id="org.eclipse.m2e.logback.feature" plugin-identifier="org.eclipse.m2e.logback.configuration" url="features/org.eclipse.m2e.logback.feature_1.7.0.20160603-1933/" version="1.7.0.20160603-1933">
</feature>
<feature id="org.eclipse.equinox.p2.core.feature" url="features/org.eclipse.equinox.p2.core.feature_1.3.200.v20160815-1406/" version="1.3.200.v20160815-1406">
</feature>
<feature id="org.eclipse.wst.xml_ui.feature" plugin-identifier="org.eclipse.wst.xml.ui" url="features/org.eclipse.wst.xml_ui.feature_3.8.0.v201608061842/" version="3.8.0.v201608061842">
</feature>
<feature id="org.eclipse.buildship" plugin-identifier="org.eclipse.buildship.branding" url="features/org.eclipse.buildship_1.0.18.v20160817-1550/" version="1.0.18.v20160817-1550">
</feature>
<feature id="org.eclipse.wst.xml_core.feature" url="features/org.eclipse.wst.xml_core.feature_3.8.0.v201608061842/" version="3.8.0.v201608061842">
</feature>
<feature id="org.eclipse.egit" url="features/org.eclipse.egit_4.4.1.201607150455-r/" version="4.4.1.201607150455-r">
</feature>
<feature id="org.eclipse.mylyn_feature" plugin-identifier="org.eclipse.mylyn.tasks.core" url="features/org.eclipse.mylyn_feature_3.20.0.v20160608-1838/" version="3.20.0.v20160608-1838">
</feature>
<feature id="org.eclipse.wst.common_core.feature" url="features/org.eclipse.wst.common_core.feature_3.7.1.v201508262220/" version="3.7.1.v201508262220">
</feature>
<feature id="org.eclipse.ecf.core.ssl.feature" url="features/org.eclipse.ecf.core.ssl.feature_1.1.0.v20160823-2221/" version="1.1.0.v20160823-2221">
</feature>
<feature id="org.eclipse.aether.maven.feature" plugin-identifier="org.eclipse.aether.maven" url="features/org.eclipse.aether.maven.feature_3.1.0.20140706-2237/" version="3.1.0.20140706-2237">
</feature>
<feature id="org.eclipse.ecf.filetransfer.ssl.feature" url="features/org.eclipse.ecf.filetransfer.ssl.feature_1.1.0.v20160823-2221/" version="1.1.0.v20160823-2221">
</feature>
<feature id="org.eclipse.mylyn.commons.identity" plugin-identifier="org.eclipse.mylyn.commons.core" url="features/org.eclipse.mylyn.commons.identity_1.12.0.v20160421-1819/" version="1.12.0.v20160421-1819">
</feature>
<feature id="org.eclipse.mylyn.tasks.ide" plugin-identifier="org.eclipse.mylyn.tasks.core" url="features/org.eclipse.mylyn.tasks.ide_3.20.0.v20160425-1835/" version="3.20.0.v20160425-1835">
</feature>
<feature id="org.eclipse.oomph.p2" url="features/org.eclipse.oomph.p2_1.6.0.v20161019-0656/" version="1.6.0.v20161019-0656">
</feature>
<feature id="org.eclipse.mylyn.commons" plugin-identifier="org.eclipse.mylyn.commons.core" url="features/org.eclipse.mylyn.commons_3.20.0.v20160421-1819/" version="3.20.0.v20160421-1819">
</feature>
<feature id="org.eclipse.epp.package.common.feature" url="features/org.eclipse.epp.package.common.feature_4.6.1.20161007-1200/" version="4.6.1.20161007-1200">
</feature>
<feature id="org.eclipse.mylyn.ide_feature" plugin-identifier="org.eclipse.mylyn.context.core" url="features/org.eclipse.mylyn.ide_feature_3.20.0.v20160421-1902/" version="3.20.0.v20160421-1902">
</feature>
<feature id="org.eclipse.mylyn.commons.notifications" plugin-identifier="org.eclipse.mylyn.commons.core" url="features/org.eclipse.mylyn.commons.notifications_1.12.0.v20160421-1819/" version="1.12.0.v20160421-1819">
</feature>
<feature id="org.eclipse.m2e.feature" plugin-identifier="org.eclipse.m2e.core" url="features/org.eclipse.m2e.feature_1.7.0.20160603-1933/" version="1.7.0.20160603-1933">
</feature>
<feature id="org.eclipse.rcp" url="features/org.eclipse.rcp_4.6.1.v20160907-1200/" version="4.6.1.v20160907-1200">
</feature>
<feature id="org.eclipse.recommenders.rcp.feature" plugin-identifier="org.eclipse.recommenders.rcp" url="features/org.eclipse.recommenders.rcp.feature_2.4.3.v20160913-0645/" version="2.4.3.v20160913-0645">
</feature>
<feature id="org.eclipse.equinox.p2.discovery.feature" url="features/org.eclipse.equinox.p2.discovery.feature_1.0.401.v20160901-1335/" version="1.0.401.v20160901-1335">
</feature>
<feature id="org.eclipse.equinox.p2.rcp.feature" url="features/org.eclipse.equinox.p2.rcp.feature_1.2.200.v20160815-1406/" version="1.2.200.v20160815-1406">
</feature>
<feature id="org.eclipse.ecf.filetransfer.feature" url="features/org.eclipse.ecf.filetransfer.feature_3.13.2.v20160823-2221/" version="3.13.2.v20160823-2221">
</feature>
<feature id="org.eclipse.mylyn.hudson" plugin-identifier="org.eclipse.mylyn.builds.core" url="features/org.eclipse.mylyn.hudson_1.12.0.v20160524-1837/" version="1.12.0.v20160524-1837">
</feature>
<feature id="org.eclipse.epp.mpc" plugin-identifier="org.eclipse.epp.mpc.ui" url="features/org.eclipse.epp.mpc_1.5.2.v20161005-1414/" version="1.5.2.v20161005-1414">
</feature>
<feature id="org.eclipse.mylyn.git" plugin-identifier="org.eclipse.mylyn.versions.core" url="features/org.eclipse.mylyn.git_1.12.0.v20160421-1824/" version="1.12.0.v20160421-1824">
</feature>
<feature id="org.eclipse.wst.xml_userdoc.feature" url="features/org.eclipse.wst.xml_userdoc.feature_3.8.0.v201511030001/" version="3.8.0.v201511030001">
</feature>
<feature id="org.eclipse.epp.package.java.feature" plugin-identifier="org.eclipse.epp.package.java" url="features/org.eclipse.epp.package.java.feature_4.6.1.20161007-1200/" version="4.6.1.20161007-1200">
</feature>
<feature id="org.eclipse.recommenders.snipmatch.rcp.feature" plugin-identifier="org.eclipse.recommenders.snipmatch.rcp" url="features/org.eclipse.recommenders.snipmatch.rcp.feature_2.4.3.v20160913-0645/" version="2.4.3.v20160913-0645">
</feature>
<feature id="org.eclipse.mylyn.commons.repositories.http" plugin-identifier="org.eclipse.mylyn.commons.core" url="features/org.eclipse.mylyn.commons.repositories.http_1.12.0.v20160421-1819/" version="1.12.0.v20160421-1819">
</feature>
<feature id="org.eclipse.aether.transport.http.feature" url="features/org.eclipse.aether.transport.http.feature_1.0.1.v20141111/" version="1.0.1.v20141111">
</feature>
<feature id="org.eclipse.aether.feature" url="features/org.eclipse.aether.feature_1.0.1.v20141111/" version="1.0.1.v20141111">
</feature>
<feature id="org.eclipse.wst.common_ui.feature" url="features/org.eclipse.wst.common_ui.feature_3.8.0.v201603091933/" version="3.8.0.v201603091933">
</feature>
<feature id="org.eclipse.aether.transport.file.feature" url="features/org.eclipse.aether.transport.file.feature_1.0.1.v20141111/" version="1.0.1.v20141111">
</feature>
<feature id="org.eclipse.ecf.filetransfer.httpclient4.ssl.feature" url="features/org.eclipse.ecf.filetransfer.httpclient4.ssl.feature_1.1.0.v20160823-2221/" version="1.1.0.v20160823-2221">
</feature>
<feature id="org.eclipse.mylyn.java_feature" plugin-identifier="org.eclipse.mylyn.context.core" url="features/org.eclipse.mylyn.java_feature_3.20.0.v20160421-1902/" version="3.20.0.v20160421-1902">
</feature>
<feature id="org.eclipse.mylyn.team_feature" plugin-identifier="org.eclipse.mylyn.context.core" url="features/org.eclipse.mylyn.team_feature_3.20.0.v20160421-1902/" version="3.20.0.v20160421-1902">
</feature>
<feature id="org.eclipse.mylyn.commons.repositories" plugin-identifier="org.eclipse.mylyn.commons.core" url="features/org.eclipse.mylyn.commons.repositories_1.12.0.v20160421-1819/" version="1.12.0.v20160421-1819">
</feature>
<feature id="org.eclipse.jdt" url="features/org.eclipse.jdt_3.12.1.v20160907-1200/" version="3.12.1.v20160907-1200">
</feature>
<feature id="org.eclipse.emf.common" url="features/org.eclipse.emf.common_2.12.0.v20160420-0247/" version="2.12.0.v20160420-0247">
</feature>
<feature id="org.eclipse.egit.mylyn" plugin-identifier="org.eclipse.egit" url="features/org.eclipse.egit.mylyn_4.4.1.201607150455-r/" version="4.4.1.201607150455-r">
</feature>
<feature id="org.eclipse.mylyn.monitor" plugin-identifier="org.eclipse.mylyn.commons.core" url="features/org.eclipse.mylyn.monitor_3.20.0.v20160421-1819/" version="3.20.0.v20160421-1819">
</feature>
<feature id="org.eclipse.oomph.setup" url="features/org.eclipse.oomph.setup_1.6.0.v20161019-0707/" version="1.6.0.v20161019-0707">
</feature>
<feature id="org.eclipse.emf.ecore" url="features/org.eclipse.emf.ecore_2.12.0.v20160420-0247/" version="2.12.0.v20160420-0247">
</feature>
<feature id="org.eclipse.equinox.p2.user.ui" url="features/org.eclipse.equinox.p2.user.ui_2.2.200.v20160815-1406/" version="2.2.200.v20160815-1406">
</feature>
<feature id="org.eclipse.equinox.p2.extras.feature" url="features/org.eclipse.equinox.p2.extras.feature_1.2.200.v20160815-1406/" version="1.2.200.v20160815-1406">
</feature>
<feature id="org.eclipse.ecf.core.feature" url="features/org.eclipse.ecf.core.feature_1.3.0.v20160823-2221/" version="1.3.0.v20160823-2221">
</feature>
<feature id="org.eclipse.jgit" url="features/org.eclipse.jgit_4.4.1.201607150455-r/" version="4.4.1.201607150455-r">
</feature>
<feature id="org.eclipse.mylyn.wikitext_feature" plugin-identifier="org.eclipse.mylyn.wikitext.core" url="features/org.eclipse.mylyn.wikitext_feature_2.9.0.v20160601-1831/" version="2.9.0.v20160601-1831">
</feature>
<feature id="org.eclipse.recommenders.mylyn.rcp.feature" plugin-identifier="org.eclipse.recommenders.mylyn.rcp" url="features/org.eclipse.recommenders.mylyn.rcp.feature_2.4.3.v20160913-0645/" version="2.4.3.v20160913-0645">
</feature>
<feature id="org.eclipse.mylyn.builds" plugin-identifier="org.eclipse.mylyn.builds.core" url="features/org.eclipse.mylyn.builds_1.12.0.v20160421-2142/" version="1.12.0.v20160421-2142">
</feature>
<feature id="org.eclipse.mylyn.context_feature" plugin-identifier="org.eclipse.mylyn.context.core" url="features/org.eclipse.mylyn.context_feature_3.20.0.v20160608-1905/" version="3.20.0.v20160608-1905">
</feature>
<feature id="org.eclipse.platform" url="features/org.eclipse.platform_4.6.1.v20160907-1200/" version="4.6.1.v20160907-1200">
</feature>
<feature id="org.eclipse.epp.logging.aeri.feature" url="features/org.eclipse.epp.logging.aeri.feature_2.0.3.v20160905-1331/" version="2.0.3.v20160905-1331">
</feature>
<feature id="org.eclipse.mylyn.discovery" plugin-identifier="org.eclipse.mylyn.commons.core" url="features/org.eclipse.mylyn.discovery_3.20.0.v20160421-1819/" version="3.20.0.v20160421-1819">
</feature>
<feature id="org.eclipse.aether.connector.basic.feature" url="features/org.eclipse.aether.connector.basic.feature_1.0.1.v20141111/" version="1.0.1.v20141111">
</feature>
<feature id="org.eclipse.e4.rcp" url="features/org.eclipse.e4.rcp_1.5.1.v20160907-0248/" version="1.5.1.v20160907-0248">
</feature>
<feature id="org.eclipse.oomph.setup.core" url="features/org.eclipse.oomph.setup.core_1.6.0.v20161019-0656/" version="1.6.0.v20161019-0656">
</feature>
</site>
</config>
