<?xml version="1.0" encoding="UTF-8"?>
<config date="1475674335169" transient="false">
	<site updateable="true" url="file:/Users/aj.pollis17/.p2/pool/" enabled="true" policy="MANAGED-ONLY">
		<feature id="org.eclipse.epp.package.common.feature" version="4.6.1.20160912-1200" url="features/org.eclipse.epp.package.common.feature_4.6.1.20160912-1200/">
		</feature>
		<feature id="org.eclipse.help" version="2.2.0.v20160907-1200" url="features/org.eclipse.help_2.2.0.v20160907-1200/" plugin-identifier="org.eclipse.help.base">
		</feature>
		<feature id="org.eclipse.mylyn.ide_feature" version="3.20.0.v20160421-1902" url="features/org.eclipse.mylyn.ide_feature_3.20.0.v20160421-1902/" plugin-identifier="org.eclipse.mylyn.context.core">
		</feature>
		<feature id="org.eclipse.mylyn.context_feature" version="3.20.0.v20160608-1905" url="features/org.eclipse.mylyn.context_feature_3.20.0.v20160608-1905/" plugin-identifier="org.eclipse.mylyn.context.core">
		</feature>
		<feature id="org.eclipse.recommenders.rcp.feature" version="2.4.3.v20160913-0645" url="features/org.eclipse.recommenders.rcp.feature_2.4.3.v20160913-0645/" plugin-identifier="org.eclipse.recommenders.rcp">
		</feature>
		<feature id="org.eclipse.m2e.logback.feature" version="1.7.0.20160603-1933" url="features/org.eclipse.m2e.logback.feature_1.7.0.20160603-1933/" plugin-identifier="org.eclipse.m2e.logback.configuration">
		</feature>
		<feature id="org.eclipse.egit" version="4.4.1.201607150455-r" url="features/org.eclipse.egit_4.4.1.201607150455-r/">
		</feature>
		<feature id="org.eclipse.emf.ecore" version="2.12.0.v20160420-0247" url="features/org.eclipse.emf.ecore_2.12.0.v20160420-0247/">
		</feature>
		<feature id="org.eclipse.recommenders.mylyn.rcp.feature" version="2.4.3.v20160913-0645" url="features/org.eclipse.recommenders.mylyn.rcp.feature_2.4.3.v20160913-0645/" plugin-identifier="org.eclipse.recommenders.mylyn.rcp">
		</feature>
		<feature id="org.eclipse.mylyn.commons.repositories" version="1.12.0.v20160421-1819" url="features/org.eclipse.mylyn.commons.repositories_1.12.0.v20160421-1819/" plugin-identifier="org.eclipse.mylyn.commons.core">
		</feature>
		<feature id="org.eclipse.equinox.p2.core.feature" version="1.3.200.v20160815-1406" url="features/org.eclipse.equinox.p2.core.feature_1.3.200.v20160815-1406/">
		</feature>
		<feature id="org.eclipse.mylyn_feature" version="3.20.0.v20160608-1838" url="features/org.eclipse.mylyn_feature_3.20.0.v20160608-1838/" plugin-identifier="org.eclipse.mylyn.tasks.core">
		</feature>
		<feature id="org.eclipse.aether.maven.feature" version="3.1.0.20140706-2237" url="features/org.eclipse.aether.maven.feature_3.1.0.20140706-2237/" plugin-identifier="org.eclipse.aether.maven">
		</feature>
		<feature id="org.eclipse.mylyn.hudson" version="1.12.0.v20160524-1837" url="features/org.eclipse.mylyn.hudson_1.12.0.v20160524-1837/" plugin-identifier="org.eclipse.mylyn.builds.core">
		</feature>
		<feature id="org.eclipse.platform" version="4.6.1.v20160907-1200" url="features/org.eclipse.platform_4.6.1.v20160907-1200/">
		</feature>
		<feature id="org.eclipse.oomph.p2" version="1.6.0.v20160920-0515" url="features/org.eclipse.oomph.p2_1.6.0.v20160920-0515/">
		</feature>
		<feature id="org.eclipse.ecf.filetransfer.httpclient4.feature" version="3.13.2.v20160823-2221" url="features/org.eclipse.ecf.filetransfer.httpclient4.feature_3.13.2.v20160823-2221/">
		</feature>
		<feature id="org.eclipse.egit.mylyn" version="4.4.1.201607150455-r" url="features/org.eclipse.egit.mylyn_4.4.1.201607150455-r/" plugin-identifier="org.eclipse.egit">
		</feature>
		<feature id="org.eclipse.wst.common_core.feature" version="3.7.1.v201508262220" url="features/org.eclipse.wst.common_core.feature_3.7.1.v201508262220/">
		</feature>
		<feature id="org.eclipse.buildship" version="1.0.18.v20160817-1550" url="features/org.eclipse.buildship_1.0.18.v20160817-1550/" plugin-identifier="org.eclipse.buildship.branding">
		</feature>
		<feature id="org.eclipse.epp.mpc" version="1.5.1.v20160913-1450" url="features/org.eclipse.epp.mpc_1.5.1.v20160913-1450/" plugin-identifier="org.eclipse.epp.mpc.ui">
		</feature>
		<feature id="org.eclipse.equinox.p2.discovery.feature" version="1.0.401.v20160901-1335" url="features/org.eclipse.equinox.p2.discovery.feature_1.0.401.v20160901-1335/">
		</feature>
		<feature id="org.eclipse.mylyn.commons.repositories.http" version="1.12.0.v20160421-1819" url="features/org.eclipse.mylyn.commons.repositories.http_1.12.0.v20160421-1819/" plugin-identifier="org.eclipse.mylyn.commons.core">
		</feature>
		<feature id="org.eclipse.ecf.filetransfer.ssl.feature" version="1.1.0.v20160823-2221" url="features/org.eclipse.ecf.filetransfer.ssl.feature_1.1.0.v20160823-2221/">
		</feature>
		<feature id="org.eclipse.mylyn.git" version="1.12.0.v20160421-1824" url="features/org.eclipse.mylyn.git_1.12.0.v20160421-1824/" plugin-identifier="org.eclipse.mylyn.versions.core">
		</feature>
		<feature id="org.eclipse.wst.common_ui.feature" version="3.8.0.v201603091933" url="features/org.eclipse.wst.common_ui.feature_3.8.0.v201603091933/">
		</feature>
		<feature id="org.eclipse.mylyn.java_feature" version="3.20.0.v20160421-1902" url="features/org.eclipse.mylyn.java_feature_3.20.0.v20160421-1902/" plugin-identifier="org.eclipse.mylyn.context.core">
		</feature>
		<feature id="org.eclipse.aether.transport.file.feature" version="1.0.1.v20141111" url="features/org.eclipse.aether.transport.file.feature_1.0.1.v20141111/">
		</feature>
		<feature id="org.eclipse.aether.transport.http.feature" version="1.0.1.v20141111" url="features/org.eclipse.aether.transport.http.feature_1.0.1.v20141111/">
		</feature>
		<feature id="org.eclipse.equinox.p2.extras.feature" version="1.2.200.v20160815-1406" url="features/org.eclipse.equinox.p2.extras.feature_1.2.200.v20160815-1406/">
		</feature>
		<feature id="org.eclipse.emf.common" version="2.12.0.v20160420-0247" url="features/org.eclipse.emf.common_2.12.0.v20160420-0247/">
		</feature>
		<feature id="org.eclipse.mylyn.commons.notifications" version="1.12.0.v20160421-1819" url="features/org.eclipse.mylyn.commons.notifications_1.12.0.v20160421-1819/" plugin-identifier="org.eclipse.mylyn.commons.core">
		</feature>
		<feature id="org.eclipse.wst.xml_ui.feature" version="3.8.0.v201608061842" url="features/org.eclipse.wst.xml_ui.feature_3.8.0.v201608061842/" plugin-identifier="org.eclipse.wst.xml.ui">
		</feature>
		<feature id="org.eclipse.mylyn.team_feature" version="3.20.0.v20160421-1902" url="features/org.eclipse.mylyn.team_feature_3.20.0.v20160421-1902/" plugin-identifier="org.eclipse.mylyn.context.core">
		</feature>
		<feature id="org.eclipse.mylyn.monitor" version="3.20.0.v20160421-1819" url="features/org.eclipse.mylyn.monitor_3.20.0.v20160421-1819/" plugin-identifier="org.eclipse.mylyn.commons.core">
		</feature>
		<feature id="org.eclipse.e4.rcp" version="1.5.1.v20160907-0248" url="features/org.eclipse.e4.rcp_1.5.1.v20160907-0248/">
		</feature>
		<feature id="org.eclipse.mylyn.versions" version="1.12.0.v20160421-1824" url="features/org.eclipse.mylyn.versions_1.12.0.v20160421-1824/" plugin-identifier="org.eclipse.mylyn.versions.core">
		</feature>
		<feature id="org.eclipse.aether.feature" version="1.0.1.v20141111" url="features/org.eclipse.aether.feature_1.0.1.v20141111/">
		</feature>
		<feature id="org.eclipse.aether.connector.basic.feature" version="1.0.1.v20141111" url="features/org.eclipse.aether.connector.basic.feature_1.0.1.v20141111/">
		</feature>
		<feature id="org.eclipse.equinox.p2.user.ui" version="2.2.200.v20160815-1406" url="features/org.eclipse.equinox.p2.user.ui_2.2.200.v20160815-1406/">
		</feature>
		<feature id="org.eclipse.mylyn.discovery" version="3.20.0.v20160421-1819" url="features/org.eclipse.mylyn.discovery_3.20.0.v20160421-1819/" plugin-identifier="org.eclipse.mylyn.commons.core">
		</feature>
		<feature id="org.eclipse.mylyn.tasks.ide" version="3.20.0.v20160425-1835" url="features/org.eclipse.mylyn.tasks.ide_3.20.0.v20160425-1835/" plugin-identifier="org.eclipse.mylyn.tasks.core">
		</feature>
		<feature id="org.eclipse.wst.xml_core.feature" version="3.8.0.v201608061842" url="features/org.eclipse.wst.xml_core.feature_3.8.0.v201608061842/">
		</feature>
		<feature id="org.eclipse.rcp" version="4.6.1.v20160907-1200" url="features/org.eclipse.rcp_4.6.1.v20160907-1200/">
		</feature>
		<feature id="org.eclipse.mylyn.builds" version="1.12.0.v20160421-2142" url="features/org.eclipse.mylyn.builds_1.12.0.v20160421-2142/" plugin-identifier="org.eclipse.mylyn.builds.core">
		</feature>
		<feature id="org.eclipse.epp.logging.aeri.feature" version="2.0.3.v20160905-1331" url="features/org.eclipse.epp.logging.aeri.feature_2.0.3.v20160905-1331/">
		</feature>
		<feature id="org.eclipse.recommenders.snipmatch.rcp.feature" version="2.4.3.v20160913-0645" url="features/org.eclipse.recommenders.snipmatch.rcp.feature_2.4.3.v20160913-0645/" plugin-identifier="org.eclipse.recommenders.snipmatch.rcp">
		</feature>
		<feature id="org.eclipse.oomph.setup" version="1.6.0.v20160920-1303" url="features/org.eclipse.oomph.setup_1.6.0.v20160920-1303/">
		</feature>
		<feature id="org.eclipse.equinox.p2.rcp.feature" version="1.2.200.v20160815-1406" url="features/org.eclipse.equinox.p2.rcp.feature_1.2.200.v20160815-1406/">
		</feature>
		<feature id="org.eclipse.jdt" version="3.12.1.v20160907-1200" url="features/org.eclipse.jdt_3.12.1.v20160907-1200/">
		</feature>
		<feature id="org.eclipse.oomph.setup.core" version="1.6.0.v20160920-1303" url="features/org.eclipse.oomph.setup.core_1.6.0.v20160920-1303/">
		</feature>
		<feature id="org.eclipse.mylyn.commons" version="3.20.0.v20160421-1819" url="features/org.eclipse.mylyn.commons_3.20.0.v20160421-1819/" plugin-identifier="org.eclipse.mylyn.commons.core">
		</feature>
		<feature id="org.eclipse.mylyn.commons.identity" version="1.12.0.v20160421-1819" url="features/org.eclipse.mylyn.commons.identity_1.12.0.v20160421-1819/" plugin-identifier="org.eclipse.mylyn.commons.core">
		</feature>
		<feature id="org.eclipse.ecf.filetransfer.httpclient4.ssl.feature" version="1.1.0.v20160823-2221" url="features/org.eclipse.ecf.filetransfer.httpclient4.ssl.feature_1.1.0.v20160823-2221/">
		</feature>
		<feature id="org.eclipse.m2e.feature" version="1.7.0.20160603-1933" url="features/org.eclipse.m2e.feature_1.7.0.20160603-1933/" plugin-identifier="org.eclipse.m2e.core">
		</feature>
		<feature id="org.eclipse.mylyn.bugzilla_feature" version="3.20.0.v20160425-1835" url="features/org.eclipse.mylyn.bugzilla_feature_3.20.0.v20160425-1835/" plugin-identifier="org.eclipse.mylyn.tasks.core">
		</feature>
		<feature id="org.eclipse.ecf.core.feature" version="1.3.0.v20160823-2221" url="features/org.eclipse.ecf.core.feature_1.3.0.v20160823-2221/">
		</feature>
		<feature id="org.eclipse.jgit" version="4.4.1.201607150455-r" url="features/org.eclipse.jgit_4.4.1.201607150455-r/">
		</feature>
		<feature id="org.eclipse.wst.xml_userdoc.feature" version="3.8.0.v201511030001" url="features/org.eclipse.wst.xml_userdoc.feature_3.8.0.v201511030001/">
		</feature>
		<feature id="org.eclipse.ecf.core.ssl.feature" version="1.1.0.v20160823-2221" url="features/org.eclipse.ecf.core.ssl.feature_1.1.0.v20160823-2221/">
		</feature>
		<feature id="org.eclipse.mylyn.wikitext_feature" version="2.9.0.v20160601-1831" url="features/org.eclipse.mylyn.wikitext_feature_2.9.0.v20160601-1831/" plugin-identifier="org.eclipse.mylyn.wikitext.core">
		</feature>
		<feature id="org.eclipse.epp.package.java.feature" version="4.6.1.20160912-1200" url="features/org.eclipse.epp.package.java.feature_4.6.1.20160912-1200/" plugin-identifier="org.eclipse.epp.package.java">
		</feature>
		<feature id="org.eclipse.ecf.filetransfer.feature" version="3.13.2.v20160823-2221" url="features/org.eclipse.ecf.filetransfer.feature_3.13.2.v20160823-2221/">
		</feature>
	</site>
</config>
